{"output": [{"Text": "No source of irrigation,  If source is there insufficiency of irrigation are the constraints. Depleting ground water tables is another concern. NGOs government should make farmers aware of  replenishing the groundwater. Farmers should aware of saving water. there are many technologies available in saving technologies. Another important thing in Irrigation is farmers should aware of critical periods of crop irrigation. Extension personnel should concentrate on making farmers understand the importance of critical periods of crop irrigation.", "keyPhraseResults": {"0": {"keyphrase": "no source irrigation , if source insufficiency irrigation", "classification": "pos", "pos_score": 0.6465517241379309, "neg_score": 0.35344827586206884}, "1": {"keyphrase": "ground water tables another", "classification": "neg", "pos_score": 0.3773892339423035, "neg_score": 0.6226107660576969}, "2": {"keyphrase": "government should make farmers aware replenishing", "classification": "pos", "pos_score": 0.8508455273326911, "neg_score": 0.1491544726673091}, "3": {"keyphrase": "farmers should aware saving", "classification": "pos", "pos_score": 0.5643851429462556, "neg_score": 0.4356148570537436}, "4": {"keyphrase": "technologies available in saving", "classification": "pos", "pos_score": 0.8859948761742105, "neg_score": 0.11400512382578992}, "5": {"keyphrase": "another important thing in irrigation farmers should aware critical periods crop", "classification": "pos", "pos_score": 0.8477664732142763, "neg_score": 0.15223352678572444}, "6": {"keyphrase": "extension personnel should concentrate on making farmers understand importance critical periods crop irrigation", "classification": "pos", "pos_score": 0.9715856248652135, "neg_score": 0.028414375134783176}}}, {"Text": "We are facing a lack of irrigation facilities. From last 2, 3 years, we are not getting proper rainfall. There is no system for utilising existing water sources. Lot of manufacturing companies are nearby. They are using all this water. There is uncertainty in the water supply.\n", "keyPhraseResults": {"0": {}, "1": {"keyphrase": "years , not getting proper", "classification": "pos", "pos_score": 0.731445263329037, "neg_score": 0.26855473667096275}, "2": {"keyphrase": "no system utilising existing water", "classification": "pos", "pos_score": 0.6638113583439436, "neg_score": 0.33618864165605716}, "3": {"keyphrase": "lot manufacturing companies", "classification": "neg", "pos_score": 0.42537313432835716, "neg_score": 0.5746268656716415}, "4": {}, "5": {"keyphrase": "uncertainty in water supply", "classification": "pos", "pos_score": 0.7209511070435429, "neg_score": 0.2790488929564576}}}, {"Text": "soil is very polluted because there are lot of manufacturing companies nearby. farming is not productive with this polluted soil. These companies exiting lot of chemical compounds which is potentially dangerous to people. \n\nAlso soils have been used for growing crops over years without caring much for replenishing. This has led to low productivity. The average yields of almost all the crops has reduced. This is a serious problem which can be solved by using more manures and fertilizers.\n", "keyPhraseResults": {"0": {"keyphrase": "soil very polluted because lot manufacturing companies", "classification": "pos", "pos_score": 0.8351076520989602, "neg_score": 0.16489234790103796}, "1": {"keyphrase": "farming not productive this polluted", "classification": "pos", "pos_score": 0.9547423561870956, "neg_score": 0.045257643812904466}, "2": {"keyphrase": "companies exiting lot chemical compounds potentially dangerous to", "classification": "neg", "pos_score": 0.3127647285329231, "neg_score": 0.6872352714670786}, "3": {"keyphrase": "also soils used growing crops over years without caring much", "classification": "pos", "pos_score": 0.7757272959088649, "neg_score": 0.2242727040911363}, "4": {"keyphrase": "this led to low", "classification": "pos", "pos_score": 0.5593599262912575, "neg_score": 0.4406400737087421}, "5": {"keyphrase": "average yields almost all crops", "classification": "pos", "pos_score": 0.871010374318227, "neg_score": 0.12898962568177197}, "6": {"keyphrase": "this serious problem can be solved by using more manures and fertilizers", "classification": "pos", "pos_score": 0.5522398188629722, "neg_score": 0.447760181137029}}}, {"Text": "government is taking care of government employees not of farmers. They want to kill farmer's and do industrialization. Farmers who produces base of Life, is been neglected by each and every government. Today farmers are leading a miserable life. sacrificing our lives to clear the crop loans. not able to feed our own families, while feeding other hungry mouths. much of the youth generation does not show any interest in farming any more. the old generation farmers are now looking for other source in income and does not want their next generation to do.", "keyPhraseResults": {"0": {"keyphrase": "government taking care government employees not", "classification": "pos", "pos_score": 0.5819198576672598, "neg_score": 0.4180801423327402}, "1": {"keyphrase": "farmer ' s and do", "classification": "pos", "pos_score": 0.7727272727272725, "neg_score": 0.22727272727272732}, "2": {"keyphrase": "farmers who produces base life , neglected by each and every", "classification": "pos", "pos_score": 0.8417599812926962, "neg_score": 0.15824001870730292}, "3": {"keyphrase": "today farmers leading miserable", "classification": "pos", "pos_score": 0.6866382410458297, "neg_score": 0.31336175895416907}, "4": {"keyphrase": "lives to clear crop", "classification": "pos", "pos_score": 0.6053581193169624, "neg_score": 0.39464188068303707}, "5": {"keyphrase": "not able to feed our own families , while feeding other hungry", "classification": "pos", "pos_score": 0.8567203136078537, "neg_score": 0.14327968639214608}, "6": {"keyphrase": "much youth generation does not show any interest in farming any", "classification": "pos", "pos_score": 0.903184509256452, "neg_score": 0.09681549074354674}, "7": {"keyphrase": "old generation farmers now looking other source in income and does not want their next generation to do", "classification": "pos", "pos_score": 0.7816994949097923, "neg_score": 0.21830050509020943}}}, {"Text": "Government should provide sufficient finance support to farmers. they should decrease the interest on farm loans. government projects should focus on their income. There are lot of current projects on the agriculture department. But in most of the cases, the result is not reaching into farmers.  Also, government should make sure about their profit and other subsidiary plans. This farmers insurance scheme is biggest robbery ever from farmers. ", "keyPhraseResults": {"0": {"keyphrase": "government should provide sufficient finance support to", "classification": "pos", "pos_score": 0.5492065797243648, "neg_score": 0.4507934202756342}, "1": {"keyphrase": "interest on farm", "classification": "pos", "pos_score": 0.5266247726145187, "neg_score": 0.4733752273854808}, "2": {"keyphrase": "government projects should focus on their", "classification": "pos", "pos_score": 0.5704968834657165, "neg_score": 0.4295031165342844}, "3": {"keyphrase": "lot current projects on agriculture", "classification": "pos", "pos_score": 0.5249326145552556, "neg_score": 0.47506738544474403}, "4": {"keyphrase": "cases , result not reaching into", "classification": "pos", "pos_score": 0.7685230623868015, "neg_score": 0.23147693761319693}, "5": {"keyphrase": "also , government should make sure about their profit and other subsidiary", "classification": "pos", "pos_score": 0.8863214064899725, "neg_score": 0.11367859351002801}, "6": {"keyphrase": "this farmers insurance scheme biggest robbery ever from", "classification": "pos", "pos_score": 0.870757919661108, "neg_score": 0.12924208033888976}, "7": {}}}, {"Text": "We need modern farming techniques which are more productive. soil health can be revived by the application of existing scientific knowledge.Govt should focus on providing proper facilities for agriculture and train them to grow other crops which provide benefit to farmers. We should sell these crops to other countries for generating income.", "keyPhraseResults": {"0": {}, "1": {"keyphrase": "soil health can be revived by application existing scientific knowledge . govt should focus on providing proper facilities agriculture and train them to grow other crops provide benefit to", "classification": "pos", "pos_score": 0.9955919217155492, "neg_score": 0.0044080782844473695}, "2": {"keyphrase": "crops to other countries generating income", "classification": "pos", "pos_score": 0.8306849846566262, "neg_score": 0.16931501534337373}}}, {"Text": "we are not getting proper treatment and there is no advanced facilities here. Better treatment requires money and farmers can't afford it. \nFarm workers have been found to be at increased risk for asthma and immunologic conditions. Most of the cases are due to reactions arising from grain-dust, fungal antigens, cereal pollens. Also facing lot of health issues due to chemical reactions from different pesticides. Most of the farmer families are not aware of their diseases and its treatment.\n\n", "keyPhraseResults": {"0": {"keyphrase": "not getting proper treatment and no advanced facilities", "classification": "pos", "pos_score": 0.7403274737321058, "neg_score": 0.2596725262678945}, "1": {"keyphrase": "treatment requires money and farmers can ' t afford", "classification": "pos", "pos_score": 0.802261874755283, "neg_score": 0.1977381252447177}, "2": {"keyphrase": "farm workers found to be at increased risk asthma and immunologic", "classification": "neg", "pos_score": 0.3516968690613582, "neg_score": 0.6483031309386433}, "3": {"keyphrase": "cases due to reactions arising from grain-dust , fungal antigens , cereal", "classification": "pos", "pos_score": 0.5819480410488596, "neg_score": 0.4180519589511385}, "4": {"keyphrase": "also facing lot health issues due to chemical reactions from different", "classification": "pos", "pos_score": 0.891110817849624, "neg_score": 0.10888918215037753}, "5": {"keyphrase": "farmer families not aware their diseases and its treatment", "classification": "pos", "pos_score": 0.6464224915815161, "neg_score": 0.3535775084184831}}}, {"Text": "In rural areas, the availability of hospitals and docters are very less. So people are not getting treatment when they need. In most of the time, medicines are not available in Government hospitals. If it is there also, it is selling for higher price. Government doctors are not ready to treat properly.  Treatments are costly for farmers here. so forced to take self treatment. Farmers are getting breathing issues, high asthma due to dust. \n", "keyPhraseResults": {"0": {"keyphrase": "areas , availability hospitals and docters very", "classification": "pos", "pos_score": 0.7788326572164561, "neg_score": 0.2211673427835451}, "1": {"keyphrase": "people not getting treatment when", "classification": "pos", "pos_score": 0.5577862931125684, "neg_score": 0.4422137068874317}, "2": {"keyphrase": "time , medicines not available in government", "classification": "pos", "pos_score": 0.7137578664575712, "neg_score": 0.28624213354242883}, "3": {"keyphrase": "also , it selling higher", "classification": "pos", "pos_score": 0.5866400690101361, "neg_score": 0.413359930989864}, "4": {"keyphrase": "government doctors not ready to treat", "classification": "pos", "pos_score": 0.7122827370100944, "neg_score": 0.2877172629899064}, "5": {"keyphrase": "treatments costly farmers", "classification": "pos", "pos_score": 0.9871794871794873, "neg_score": 0.012820512820512785}, "6": {"keyphrase": "forced to take self", "classification": "pos", "pos_score": 0.639082370115238, "neg_score": 0.3609176298847623}, "7": {"keyphrase": "farmers getting breathing issues , high asthma due to", "classification": "neg", "pos_score": 0.4723517533459626, "neg_score": 0.5276482466540371}, "8": {}}}]}